,Team,Wins,Losses,Win %,Points Per Game,Opp. Points Per Game,Season Year
0,Miami Heat,52,30,0.634,94.4,91.3,1999-2000
1,New York Knicks,50,32,0.61,92.1,90.7,1999-2000
2,Philadelphia 76ers,49,33,0.598,94.8,93.4,1999-2000
3,Orlando Magic,41,41,0.5,100.1,99.4,1999-2000
4,Boston Celtics,35,47,0.427,99.3,100.1,1999-2000
5,New Jersey Nets,31,51,0.378,98.0,99.0,1999-2000
6,Washington Wizards,29,53,0.354,96.6,99.9,1999-2000
7,Indiana Pacers,56,26,0.683,101.3,96.7,1999-2000
8,Charlotte Hornets,49,33,0.598,98.4,95.8,1999-2000
9,Toronto Raptors,45,37,0.549,97.2,97.3,1999-2000
10,Detroit Pistons,42,40,0.512,103.5,102.0,1999-2000
11,Milwaukee Bucks,42,40,0.512,101.2,101.0,1999-2000
12,Cleveland Cavaliers,32,50,0.39,97.0,100.5,1999-2000
13,Atlanta Hawks,28,54,0.341,94.3,99.7,1999-2000
14,Chicago Bulls,17,65,0.207,84.8,94.2,1999-2000
15,Utah Jazz,55,27,0.671,96.5,92.0,1999-2000
16,San Antonio Spurs,53,29,0.646,96.2,90.2,1999-2000
17,Minnesota Timberwolves,50,32,0.61,98.5,96.0,1999-2000
18,Dallas Mavericks,40,42,0.488,101.4,102.0,1999-2000
19,Denver Nuggets,35,47,0.427,99.0,101.1,1999-2000
20,Houston Rockets,34,48,0.415,99.5,100.3,1999-2000
21,Vancouver Grizzlies,22,60,0.268,93.9,99.5,1999-2000
22,Los Angeles Lakers,67,15,0.817,100.8,92.3,1999-2000
23,Portland Trail Blazers,59,23,0.72,97.5,91.0,1999-2000
24,Phoenix Suns,53,29,0.646,98.9,93.7,1999-2000
25,Seattle SuperSonics,45,37,0.549,99.1,98.1,1999-2000
26,Sacramento Kings,44,38,0.537,105.0,102.0,1999-2000
27,Golden State Warriors,19,63,0.232,95.5,103.8,1999-2000
28,Los Angeles Clippers,15,67,0.183,92.0,103.5,1999-2000
29,Philadelphia 76ers,56,26,0.683,94.7,90.4,2000-2001
30,Miami Heat,50,32,0.61,88.9,86.6,2000-2001
31,New York Knicks,48,34,0.585,88.7,86.1,2000-2001
32,Orlando Magic,43,39,0.524,97.5,96.5,2000-2001
33,Boston Celtics,36,46,0.439,94.6,96.8,2000-2001
34,New Jersey Nets,26,56,0.317,92.1,97.1,2000-2001
35,Washington Wizards,19,63,0.232,93.2,99.9,2000-2001
36,Milwaukee Bucks,52,30,0.634,100.7,96.9,2000-2001
37,Toronto Raptors,47,35,0.573,97.6,95.4,2000-2001
38,Charlotte Hornets,46,36,0.561,91.9,89.8,2000-2001
39,Indiana Pacers,41,41,0.5,92.6,92.8,2000-2001
40,Detroit Pistons,32,50,0.39,95.6,97.3,2000-2001
41,Cleveland Cavaliers,30,52,0.366,92.2,96.5,2000-2001
42,Atlanta Hawks,25,57,0.305,91.0,96.2,2000-2001
43,Chicago Bulls,15,67,0.183,87.6,96.7,2000-2001
44,San Antonio Spurs,58,24,0.707,96.2,88.4,2000-2001
45,Utah Jazz,53,29,0.646,97.1,92.4,2000-2001
46,Dallas Mavericks,53,29,0.646,100.5,96.2,2000-2001
47,Minnesota Timberwolves,47,35,0.573,97.3,96.0,2000-2001
48,Houston Rockets,45,37,0.549,97.2,94.9,2000-2001
49,Denver Nuggets,40,42,0.488,96.6,99.0,2000-2001
50,Vancouver Grizzlies,23,59,0.28,91.7,97.5,2000-2001
51,Los Angeles Lakers,56,26,0.683,100.6,97.2,2000-2001
52,Sacramento Kings,55,27,0.671,101.7,95.9,2000-2001
53,Phoenix Suns,51,31,0.622,94.0,91.8,2000-2001
54,Portland Trail Blazers,50,32,0.61,95.4,91.2,2000-2001
55,Seattle SuperSonics,44,38,0.537,97.3,97.3,2000-2001
56,Los Angeles Clippers,31,51,0.378,92.5,95.3,2000-2001
57,Golden State Warriors,17,65,0.207,92.5,101.5,2000-2001
58,New Jersey Nets,52,30,0.634,96.2,92.0,2001-2002
59,Boston Celtics,49,33,0.598,96.4,94.1,2001-2002
60,Orlando Magic,44,38,0.537,100.5,98.9,2001-2002
61,Philadelphia 76ers,43,39,0.524,91.0,89.4,2001-2002
62,Washington Wizards,37,45,0.451,92.8,94.2,2001-2002
63,Miami Heat,36,46,0.439,87.2,88.7,2001-2002
64,New York Knicks,30,52,0.366,91.6,95.6,2001-2002
65,Detroit Pistons,50,32,0.61,94.3,92.2,2001-2002
66,Charlotte Hornets,44,38,0.537,93.9,92.9,2001-2002
67,Toronto Raptors,42,40,0.512,91.4,91.8,2001-2002
68,Indiana Pacers,42,40,0.512,96.8,96.5,2001-2002
69,Milwaukee Bucks,41,41,0.5,97.5,97.7,2001-2002
70,Atlanta Hawks,33,49,0.402,94.0,98.3,2001-2002
71,Cleveland Cavaliers,29,53,0.354,95.3,98.6,2001-2002
72,Chicago Bulls,21,61,0.256,89.5,98.0,2001-2002
73,San Antonio Spurs,58,24,0.707,96.7,90.5,2001-2002
74,Dallas Mavericks,57,25,0.695,105.2,101.0,2001-2002
75,Minnesota Timberwolves,50,32,0.61,99.3,96.0,2001-2002
76,Utah Jazz,44,38,0.537,96.0,95.1,2001-2002
77,Houston Rockets,28,54,0.341,92.3,97.2,2001-2002
78,Denver Nuggets,27,55,0.329,92.2,98.0,2001-2002
79,Memphis Grizzlies,23,59,0.28,89.9,97.3,2001-2002
80,Sacramento Kings,61,21,0.744,104.6,97.0,2001-2002
81,Los Angeles Lakers,58,24,0.707,101.3,94.1,2001-2002
82,Portland Trail Blazers,49,33,0.598,96.6,93.7,2001-2002
83,Seattle SuperSonics,45,37,0.549,97.7,94.7,2001-2002
84,Los Angeles Clippers,39,43,0.476,95.7,96.1,2001-2002
85,Phoenix Suns,36,46,0.439,95.1,95.8,2001-2002
86,Golden State Warriors,21,61,0.256,97.7,103.1,2001-2002
87,New Jersey Nets,49,33,0.598,95.4,90.1,2002-2003
88,Philadelphia 76ers,48,34,0.585,96.8,94.5,2002-2003
89,Boston Celtics,44,38,0.537,92.7,93.1,2002-2003
90,Orlando Magic,42,40,0.512,98.5,98.4,2002-2003
91,Washington Wizards,37,45,0.451,91.5,92.5,2002-2003
92,New York Knicks,37,45,0.451,95.9,97.2,2002-2003
93,Miami Heat,25,57,0.305,85.6,90.6,2002-2003
94,Detroit Pistons,50,32,0.61,91.4,87.7,2002-2003
95,Indiana Pacers,48,34,0.585,96.8,93.3,2002-2003
96,New Orleans Hornets,47,35,0.573,93.9,91.8,2002-2003
97,Milwaukee Bucks,42,40,0.512,99.5,99.3,2002-2003
98,Atlanta Hawks,35,47,0.427,94.1,97.6,2002-2003
99,Chicago Bulls,30,52,0.366,95.0,100.1,2002-2003
100,Toronto Raptors,24,58,0.293,90.9,96.8,2002-2003
101,Cleveland Cavaliers,17,65,0.207,91.4,101.0,2002-2003
102,San Antonio Spurs,60,22,0.732,95.8,90.4,2002-2003
103,Dallas Mavericks,60,22,0.732,103.0,95.2,2002-2003
104,Minnesota Timberwolves,51,31,0.622,98.1,96.0,2002-2003
105,Utah Jazz,47,35,0.573,94.7,92.3,2002-2003
106,Houston Rockets,43,39,0.524,93.8,92.3,2002-2003
107,Memphis Grizzlies,28,54,0.341,97.5,100.7,2002-2003
108,Denver Nuggets,17,65,0.207,84.2,92.4,2002-2003
109,Sacramento Kings,59,23,0.72,101.7,95.2,2002-2003
110,Los Angeles Lakers,50,32,0.61,100.4,98.0,2002-2003
111,Portland Trail Blazers,50,32,0.61,95.2,92.5,2002-2003
112,Phoenix Suns,44,38,0.537,95.5,94.4,2002-2003
113,Seattle SuperSonics,40,42,0.488,92.1,92.3,2002-2003
114,Golden State Warriors,38,44,0.463,102.4,103.6,2002-2003
115,Los Angeles Clippers,27,55,0.329,93.8,97.9,2002-2003
116,New Jersey Nets,47,35,0.573,90.3,87.8,2003-2004
117,Miami Heat,42,40,0.512,90.3,89.7,2003-2004
118,New York Knicks,39,43,0.476,92.0,93.5,2003-2004
119,Boston Celtics,36,46,0.439,95.3,96.7,2003-2004
120,Philadelphia 76ers,33,49,0.402,88.0,90.5,2003-2004
121,Washington Wizards,25,57,0.305,91.8,97.4,2003-2004
122,Orlando Magic,21,61,0.256,94.0,101.1,2003-2004
123,Indiana Pacers,61,21,0.744,91.4,85.6,2003-2004
124,Detroit Pistons,54,28,0.659,90.1,84.3,2003-2004
125,New Orleans Hornets,41,41,0.5,91.8,91.9,2003-2004
126,Milwaukee Bucks,41,41,0.5,98.0,97.0,2003-2004
127,Cleveland Cavaliers,35,47,0.427,92.9,95.5,2003-2004
128,Toronto Raptors,33,49,0.402,85.4,88.5,2003-2004
129,Atlanta Hawks,28,54,0.341,92.8,97.5,2003-2004
130,Chicago Bulls,23,59,0.28,89.7,96.0,2003-2004
131,Minnesota Timberwolves,58,24,0.707,94.5,89.1,2003-2004
132,San Antonio Spurs,57,25,0.695,91.5,84.3,2003-2004
133,Dallas Mavericks,52,30,0.634,105.2,100.8,2003-2004
134,Memphis Grizzlies,50,32,0.61,96.7,94.3,2003-2004
135,Houston Rockets,45,37,0.549,89.8,88.0,2003-2004
136,Denver Nuggets,43,39,0.524,97.2,96.1,2003-2004
137,Utah Jazz,42,40,0.512,88.7,89.9,2003-2004
138,Los Angeles Lakers,56,26,0.683,98.2,94.3,2003-2004
139,Sacramento Kings,55,27,0.671,102.8,97.8,2003-2004
140,Portland Trail Blazers,41,41,0.5,90.7,92.0,2003-2004
141,Golden State Warriors,37,45,0.451,93.3,94.0,2003-2004
142,Seattle SuperSonics,37,45,0.451,97.1,97.8,2003-2004
143,Phoenix Suns,29,53,0.354,94.2,97.9,2003-2004
144,Los Angeles Clippers,28,54,0.341,94.8,99.4,2003-2004
145,Boston Celtics,45,37,0.549,101.3,100.4,2004-2005
146,Philadelphia 76ers,43,39,0.524,99.1,99.9,2004-2005
147,New Jersey Nets,42,40,0.512,91.4,92.9,2004-2005
148,Toronto Raptors,33,49,0.402,99.7,101.4,2004-2005
149,New York Knicks,33,49,0.402,97.3,99.7,2004-2005
150,Detroit Pistons,54,28,0.659,93.3,89.5,2004-2005
151,Chicago Bulls,47,35,0.573,94.5,93.4,2004-2005
152,Indiana Pacers,44,38,0.537,93.0,92.2,2004-2005
153,Cleveland Cavaliers,42,40,0.512,96.5,95.7,2004-2005
154,Milwaukee Bucks,30,52,0.366,97.2,100.2,2004-2005
155,Miami Heat,59,23,0.72,101.5,95.0,2004-2005
156,Washington Wizards,45,37,0.549,100.5,100.8,2004-2005
157,Orlando Magic,36,46,0.439,99.5,101.8,2004-2005
158,Charlotte Bobcats,18,64,0.22,94.3,100.2,2004-2005
159,Atlanta Hawks,13,69,0.159,92.7,102.5,2004-2005
160,Seattle SuperSonics,52,30,0.634,98.9,96.6,2004-2005
161,Denver Nuggets,49,33,0.598,99.5,97.5,2004-2005
162,Minnesota Timberwolves,44,38,0.537,96.8,95.3,2004-2005
163,Portland Trail Blazers,27,55,0.329,92.9,96.9,2004-2005
164,Utah Jazz,26,56,0.317,93.0,97.3,2004-2005
165,Phoenix Suns,62,20,0.756,110.4,103.3,2004-2005
166,Sacramento Kings,50,32,0.61,103.7,101.6,2004-2005
167,Los Angeles Clippers,37,45,0.451,95.7,96.5,2004-2005
168,Los Angeles Lakers,34,48,0.415,98.7,101.7,2004-2005
169,Golden State Warriors,34,48,0.415,98.7,100.9,2004-2005
170,San Antonio Spurs,59,23,0.72,96.2,88.4,2004-2005
171,Dallas Mavericks,58,24,0.707,102.5,96.8,2004-2005
172,Houston Rockets,51,31,0.622,95.1,91.0,2004-2005
173,Memphis Grizzlies,45,37,0.549,93.4,91.1,2004-2005
174,New Orleans Hornets,18,64,0.22,88.4,95.5,2004-2005
175,New Jersey Nets,49,33,0.598,93.8,92.4,2005-2006
176,Philadelphia 76ers,38,44,0.463,99.4,101.3,2005-2006
177,Boston Celtics,33,49,0.402,98.0,99.5,2005-2006
178,Toronto Raptors,27,55,0.329,101.1,104.0,2005-2006
179,New York Knicks,23,59,0.28,95.6,102.0,2005-2006
180,Detroit Pistons,64,18,0.78,96.8,90.2,2005-2006
181,Cleveland Cavaliers,50,32,0.61,97.6,95.4,2005-2006
182,Indiana Pacers,41,41,0.5,93.9,92.0,2005-2006
183,Chicago Bulls,41,41,0.5,97.8,97.2,2005-2006
184,Milwaukee Bucks,40,42,0.488,97.8,98.8,2005-2006
185,Miami Heat,52,30,0.634,99.9,96.0,2005-2006
186,Washington Wizards,42,40,0.512,101.7,99.8,2005-2006
187,Orlando Magic,36,46,0.439,94.9,96.0,2005-2006
188,Charlotte Bobcats,26,56,0.317,96.9,100.9,2005-2006
189,Atlanta Hawks,26,56,0.317,97.2,102.0,2005-2006
190,Denver Nuggets,44,38,0.537,100.3,100.1,2005-2006
191,Utah Jazz,41,41,0.5,92.4,95.0,2005-2006
192,Seattle SuperSonics,35,47,0.427,102.6,105.6,2005-2006
193,Minnesota Timberwolves,33,49,0.402,91.7,93.6,2005-2006
194,Portland Trail Blazers,21,61,0.256,88.8,98.3,2005-2006
195,Phoenix Suns,54,28,0.659,108.4,102.8,2005-2006
196,Los Angeles Clippers,47,35,0.573,97.2,95.6,2005-2006
197,Los Angeles Lakers,45,37,0.549,99.4,96.9,2005-2006
198,Sacramento Kings,44,38,0.537,98.9,97.3,2005-2006
199,Golden State Warriors,34,48,0.415,98.5,99.8,2005-2006
200,San Antonio Spurs,63,19,0.768,95.6,88.8,2005-2006
201,Dallas Mavericks,60,22,0.732,99.1,93.1,2005-2006
202,Memphis Grizzlies,49,33,0.598,92.2,88.5,2005-2006
203,New Orleans/Oklahoma City Hornets,38,44,0.463,92.8,95.6,2005-2006
204,Houston Rockets,34,48,0.415,90.1,91.7,2005-2006
205,Toronto Raptors,47,35,0.573,99.5,98.5,2006-2007
206,New Jersey Nets,41,41,0.5,97.6,98.3,2006-2007
207,Philadelphia 76ers,35,47,0.427,94.9,98.0,2006-2007
208,New York Knicks,33,49,0.402,97.5,100.3,2006-2007
209,Boston Celtics,24,58,0.293,95.8,99.2,2006-2007
210,Detroit Pistons,53,29,0.646,96.0,91.8,2006-2007
211,Cleveland Cavaliers,50,32,0.61,96.8,92.9,2006-2007
212,Chicago Bulls,49,33,0.598,98.8,93.8,2006-2007
213,Indiana Pacers,35,47,0.427,95.6,98.0,2006-2007
214,Milwaukee Bucks,28,54,0.341,99.7,104.0,2006-2007
215,Miami Heat,44,38,0.537,94.6,95.5,2006-2007
216,Washington Wizards,41,41,0.5,104.3,104.9,2006-2007
217,Orlando Magic,40,42,0.488,94.8,94.0,2006-2007
218,Charlotte Bobcats,33,49,0.402,96.9,100.6,2006-2007
219,Atlanta Hawks,30,52,0.366,93.7,98.4,2006-2007
220,Utah Jazz,51,31,0.622,101.5,98.6,2006-2007
221,Denver Nuggets,45,37,0.549,105.4,103.7,2006-2007
222,Portland Trail Blazers,32,50,0.39,94.1,98.4,2006-2007
223,Minnesota Timberwolves,32,50,0.39,96.1,99.7,2006-2007
224,Seattle SuperSonics,31,51,0.378,99.1,102.0,2006-2007
225,Phoenix Suns,61,21,0.744,110.2,102.9,2006-2007
226,Los Angeles Lakers,42,40,0.512,103.3,103.4,2006-2007
227,Golden State Warriors,42,40,0.512,106.5,106.9,2006-2007
228,Los Angeles Clippers,40,42,0.488,95.6,96.1,2006-2007
229,Sacramento Kings,33,49,0.402,101.3,103.1,2006-2007
230,Dallas Mavericks,67,15,0.817,100.0,92.8,2006-2007
231,San Antonio Spurs,58,24,0.707,98.5,90.1,2006-2007
232,Houston Rockets,52,30,0.634,97.0,92.1,2006-2007
233,New Orleans/Oklahoma City Hornets,39,43,0.476,95.5,97.1,2006-2007
234,Memphis Grizzlies,22,60,0.268,101.6,106.7,2006-2007
235,Boston Celtics,66,16,0.805,100.5,90.3,2007-2008
236,Toronto Raptors,41,41,0.5,100.2,97.3,2007-2008
237,Philadelphia 76ers,40,42,0.488,96.6,96.2,2007-2008
238,New Jersey Nets,34,48,0.415,95.8,100.9,2007-2008
239,New York Knicks,23,59,0.28,96.9,103.5,2007-2008
240,Detroit Pistons,59,23,0.72,97.5,90.1,2007-2008
241,Cleveland Cavaliers,45,37,0.549,96.4,96.7,2007-2008
242,Indiana Pacers,36,46,0.439,104.0,105.4,2007-2008
243,Chicago Bulls,33,49,0.402,97.3,100.4,2007-2008
244,Milwaukee Bucks,26,56,0.317,97.0,103.9,2007-2008
245,Orlando Magic,52,30,0.634,104.5,99.0,2007-2008
246,Washington Wizards,43,39,0.524,98.8,99.2,2007-2008
247,Atlanta Hawks,37,45,0.451,98.2,100.0,2007-2008
248,Charlotte Bobcats,32,50,0.39,97.1,101.4,2007-2008
249,Miami Heat,15,67,0.183,91.4,100.0,2007-2008
250,Utah Jazz,54,28,0.659,106.2,99.3,2007-2008
251,Denver Nuggets,50,32,0.61,110.7,107.0,2007-2008
252,Portland Trail Blazers,41,41,0.5,95.4,96.3,2007-2008
253,Minnesota Timberwolves,22,60,0.268,95.6,102.4,2007-2008
254,Seattle SuperSonics,20,62,0.244,97.5,106.3,2007-2008
255,Los Angeles Lakers,57,25,0.695,108.6,101.3,2007-2008
256,Phoenix Suns,55,27,0.671,110.1,105.0,2007-2008
257,Golden State Warriors,48,34,0.585,111.0,108.8,2007-2008
258,Sacramento Kings,38,44,0.463,102.5,104.8,2007-2008
259,Los Angeles Clippers,23,59,0.28,93.8,101.1,2007-2008
260,New Orleans Hornets,56,26,0.683,100.9,95.6,2007-2008
261,San Antonio Spurs,56,26,0.683,95.4,90.6,2007-2008
262,Houston Rockets,55,27,0.671,96.7,92.0,2007-2008
263,Dallas Mavericks,51,31,0.622,100.4,95.9,2007-2008
264,Memphis Grizzlies,22,60,0.268,100.7,106.9,2007-2008
265,Boston Celtics,62,20,0.756,100.9,93.4,2008-2009
266,Philadelphia 76ers,41,41,0.5,97.4,97.3,2008-2009
267,New Jersey Nets,34,48,0.415,98.1,100.5,2008-2009
268,Toronto Raptors,33,49,0.402,99.0,101.9,2008-2009
269,New York Knicks,32,50,0.39,105.2,107.8,2008-2009
270,Cleveland Cavaliers,66,16,0.805,100.3,91.4,2008-2009
271,Chicago Bulls,41,41,0.5,102.2,102.5,2008-2009
272,Detroit Pistons,39,43,0.476,94.2,94.7,2008-2009
273,Indiana Pacers,36,46,0.439,105.1,106.2,2008-2009
274,Milwaukee Bucks,34,48,0.415,99.3,100.4,2008-2009
275,Orlando Magic,59,23,0.72,101.0,94.4,2008-2009
276,Atlanta Hawks,47,35,0.573,98.1,96.5,2008-2009
277,Miami Heat,43,39,0.524,98.3,98.0,2008-2009
278,Charlotte Bobcats,35,47,0.427,93.6,94.9,2008-2009
279,Washington Wizards,19,63,0.232,96.1,103.5,2008-2009
280,Denver Nuggets,54,28,0.659,104.3,100.9,2008-2009
281,Portland Trail Blazers,54,28,0.659,99.4,94.1,2008-2009
282,Utah Jazz,48,34,0.585,103.6,100.9,2008-2009
283,Minnesota Timberwolves,24,58,0.293,97.8,102.7,2008-2009
284,Oklahoma City Thunder,23,59,0.28,97.0,103.1,2008-2009
285,Los Angeles Lakers,65,17,0.793,106.9,99.3,2008-2009
286,Phoenix Suns,46,36,0.561,109.4,107.5,2008-2009
287,Golden State Warriors,29,53,0.354,108.6,112.3,2008-2009
288,Los Angeles Clippers,19,63,0.232,95.1,103.9,2008-2009
289,Sacramento Kings,17,65,0.207,100.6,109.3,2008-2009
290,San Antonio Spurs,54,28,0.659,97.0,93.3,2008-2009
291,Houston Rockets,53,29,0.646,98.4,94.4,2008-2009
292,Dallas Mavericks,50,32,0.61,101.7,99.8,2008-2009
293,New Orleans Hornets,49,33,0.598,95.8,94.3,2008-2009
294,Memphis Grizzlies,24,58,0.293,93.9,99.3,2008-2009
295,Boston Celtics,50,32,0.61,99.2,95.6,2009-2010
296,Toronto Raptors,40,42,0.488,104.1,105.9,2009-2010
297,New York Knicks,29,53,0.354,102.1,105.9,2009-2010
298,Philadelphia 76ers,27,55,0.329,97.7,101.6,2009-2010
299,New Jersey Nets,12,70,0.146,92.4,101.5,2009-2010
300,Cleveland Cavaliers,61,21,0.744,102.1,95.6,2009-2010
301,Milwaukee Bucks,46,36,0.561,97.7,96.0,2009-2010
302,Chicago Bulls,41,41,0.5,97.5,99.1,2009-2010
303,Indiana Pacers,32,50,0.39,100.8,103.8,2009-2010
304,Detroit Pistons,27,55,0.329,94.0,99.1,2009-2010
305,Orlando Magic,59,23,0.72,102.8,95.3,2009-2010
306,Atlanta Hawks,53,29,0.646,101.7,97.0,2009-2010
307,Miami Heat,47,35,0.573,96.5,94.2,2009-2010
308,Charlotte Bobcats,44,38,0.537,95.3,93.8,2009-2010
309,Washington Wizards,26,56,0.317,96.2,101.0,2009-2010
310,Denver Nuggets,53,29,0.646,106.5,102.4,2009-2010
311,Utah Jazz,53,29,0.646,104.2,98.9,2009-2010
312,Portland Trail Blazers,50,32,0.61,98.1,94.8,2009-2010
313,Oklahoma City Thunder,50,32,0.61,101.5,98.0,2009-2010
314,Minnesota Timberwolves,15,67,0.183,98.2,107.8,2009-2010
315,Los Angeles Lakers,57,25,0.695,101.7,97.0,2009-2010
316,Phoenix Suns,54,28,0.659,110.2,105.3,2009-2010
317,Los Angeles Clippers,29,53,0.354,95.7,102.1,2009-2010
318,Golden State Warriors,26,56,0.317,108.8,112.4,2009-2010
319,Sacramento Kings,25,57,0.305,100.0,104.4,2009-2010
320,Dallas Mavericks,55,27,0.671,102.0,99.3,2009-2010
321,San Antonio Spurs,50,32,0.61,101.4,96.3,2009-2010
322,Houston Rockets,42,40,0.512,102.4,102.7,2009-2010
323,Memphis Grizzlies,40,42,0.488,102.5,104.0,2009-2010
324,New Orleans Hornets,37,45,0.451,100.2,102.7,2009-2010
325,Boston Celtics,56,26,0.683,96.5,91.1,2010-2011
326,New York Knicks,42,40,0.512,106.5,105.7,2010-2011
327,Philadelphia 76ers,41,41,0.5,99.0,97.5,2010-2011
328,New Jersey Nets,24,58,0.293,94.2,100.4,2010-2011
329,Toronto Raptors,22,60,0.268,99.1,105.4,2010-2011
330,Chicago Bulls,62,20,0.756,98.6,91.3,2010-2011
331,Indiana Pacers,37,45,0.451,99.8,100.9,2010-2011
332,Milwaukee Bucks,35,47,0.427,91.9,92.7,2010-2011
333,Detroit Pistons,30,52,0.366,97.0,100.6,2010-2011
334,Cleveland Cavaliers,19,63,0.232,95.5,104.5,2010-2011
335,Miami Heat,58,24,0.707,102.1,94.6,2010-2011
336,Orlando Magic,52,30,0.634,99.2,93.7,2010-2011
337,Atlanta Hawks,44,38,0.537,95.0,95.8,2010-2011
338,Charlotte Bobcats,34,48,0.415,93.3,97.3,2010-2011
339,Washington Wizards,23,59,0.28,97.3,104.7,2010-2011
340,Oklahoma City Thunder,55,27,0.671,104.8,101.0,2010-2011
341,Denver Nuggets,50,32,0.61,107.5,102.7,2010-2011
342,Portland Trail Blazers,48,34,0.585,96.3,94.8,2010-2011
343,Utah Jazz,39,43,0.476,99.4,101.3,2010-2011
344,Minnesota Timberwolves,17,65,0.207,101.1,107.7,2010-2011
345,Los Angeles Lakers,57,25,0.695,101.5,95.4,2010-2011
346,Phoenix Suns,40,42,0.488,105.0,105.9,2010-2011
347,Golden State Warriors,36,46,0.439,103.4,105.7,2010-2011
348,Los Angeles Clippers,32,50,0.39,98.6,101.8,2010-2011
349,Sacramento Kings,24,58,0.293,99.4,104.7,2010-2011
350,San Antonio Spurs,61,21,0.744,103.7,98.0,2010-2011
351,Dallas Mavericks,57,25,0.695,100.2,96.0,2010-2011
352,New Orleans Hornets,46,36,0.561,94.9,94.0,2010-2011
353,Memphis Grizzlies,46,36,0.561,99.9,97.6,2010-2011
354,Houston Rockets,43,39,0.524,105.9,103.7,2010-2011
355,Boston Celtics,39,27,0.591,91.8,89.3,2011-2012
356,New York Knicks,36,30,0.545,97.8,94.7,2011-2012
357,Philadelphia 76ers,35,31,0.53,93.6,89.4,2011-2012
358,Toronto Raptors,23,43,0.348,90.7,94.0,2011-2012
359,New Jersey Nets,22,44,0.333,93.1,99.1,2011-2012
360,Chicago Bulls,50,16,0.758,96.3,88.2,2011-2012
361,Indiana Pacers,42,24,0.636,97.7,94.4,2011-2012
362,Milwaukee Bucks,31,35,0.47,99.0,98.7,2011-2012
363,Detroit Pistons,25,41,0.379,90.9,95.7,2011-2012
364,Cleveland Cavaliers,21,45,0.318,93.0,100.2,2011-2012
365,Miami Heat,46,20,0.697,98.5,92.5,2011-2012
366,Atlanta Hawks,40,26,0.606,96.6,93.2,2011-2012
367,Orlando Magic,37,29,0.561,94.2,93.4,2011-2012
368,Washington Wizards,20,46,0.303,93.6,98.4,2011-2012
369,Charlotte Bobcats,7,59,0.106,87.0,100.9,2011-2012
370,Oklahoma City Thunder,47,19,0.712,103.1,96.9,2011-2012
371,Denver Nuggets,38,28,0.576,104.1,101.2,2011-2012
372,Utah Jazz,36,30,0.545,99.7,99.0,2011-2012
373,Portland Trail Blazers,28,38,0.424,97.2,97.8,2011-2012
374,Minnesota Timberwolves,26,40,0.394,97.9,100.1,2011-2012
375,Los Angeles Lakers,41,25,0.621,97.3,95.9,2011-2012
376,Los Angeles Clippers,40,26,0.606,97.5,95.0,2011-2012
377,Phoenix Suns,33,33,0.5,98.4,98.6,2011-2012
378,Golden State Warriors,23,43,0.348,97.8,101.2,2011-2012
379,Sacramento Kings,22,44,0.333,98.8,104.4,2011-2012
380,San Antonio Spurs,50,16,0.758,103.7,96.5,2011-2012
381,Memphis Grizzlies,41,25,0.621,95.0,93.0,2011-2012
382,Dallas Mavericks,36,30,0.545,95.8,94.8,2011-2012
383,Houston Rockets,34,32,0.515,98.1,97.9,2011-2012
384,New Orleans Hornets,21,45,0.318,89.6,93.4,2011-2012
385,New York Knicks,54,28,0.659,100.0,95.7,2012-2013
386,Brooklyn Nets,49,33,0.598,96.9,95.1,2012-2013
387,Boston Celtics,41,40,0.506,96.5,96.7,2012-2013
388,Philadelphia 76ers,34,48,0.415,93.2,96.5,2012-2013
389,Toronto Raptors,34,48,0.415,97.2,98.7,2012-2013
390,Indiana Pacers,49,32,0.605,94.7,90.7,2012-2013
391,Chicago Bulls,45,37,0.549,93.2,92.9,2012-2013
392,Milwaukee Bucks,38,44,0.463,98.9,100.4,2012-2013
393,Detroit Pistons,29,53,0.354,94.9,98.8,2012-2013
394,Cleveland Cavaliers,24,58,0.293,96.5,101.2,2012-2013
395,Miami Heat,66,16,0.805,102.9,95.0,2012-2013
396,Atlanta Hawks,44,38,0.537,98.0,97.5,2012-2013
397,Washington Wizards,29,53,0.354,93.2,95.8,2012-2013
398,Charlotte Bobcats,21,61,0.256,93.4,102.7,2012-2013
399,Orlando Magic,20,62,0.244,94.1,101.1,2012-2013
400,Oklahoma City Thunder,60,22,0.732,105.7,96.5,2012-2013
401,Denver Nuggets,57,25,0.695,106.1,101.1,2012-2013
402,Utah Jazz,43,39,0.524,98.0,98.1,2012-2013
403,Portland Trail Blazers,33,49,0.402,97.5,100.7,2012-2013
404,Minnesota Timberwolves,31,51,0.378,95.7,98.1,2012-2013
405,Los Angeles Clippers,56,26,0.683,101.1,94.6,2012-2013
406,Golden State Warriors,47,35,0.573,101.2,100.3,2012-2013
407,Los Angeles Lakers,45,37,0.549,102.2,101.0,2012-2013
408,Sacramento Kings,28,54,0.341,100.2,105.1,2012-2013
409,Phoenix Suns,25,57,0.305,95.2,101.6,2012-2013
410,San Antonio Spurs,58,24,0.707,103.0,96.6,2012-2013
411,Memphis Grizzlies,56,26,0.683,93.4,89.3,2012-2013
412,Houston Rockets,45,37,0.549,106.0,102.5,2012-2013
413,Dallas Mavericks,41,41,0.5,101.1,101.7,2012-2013
414,New Orleans Hornets,27,55,0.329,94.1,97.9,2012-2013
415,Toronto Raptors,48,34,0.585,101.3,98.0,2013-2014
416,Brooklyn Nets,44,38,0.537,98.5,99.5,2013-2014
417,New York Knicks,37,45,0.451,98.6,99.4,2013-2014
418,Boston Celtics,25,57,0.305,96.2,100.7,2013-2014
419,Philadelphia 76ers,19,63,0.232,99.5,109.9,2013-2014
420,Indiana Pacers,56,26,0.683,96.7,92.3,2013-2014
421,Chicago Bulls,48,34,0.585,93.7,91.8,2013-2014
422,Cleveland Cavaliers,33,49,0.402,98.2,101.5,2013-2014
423,Detroit Pistons,29,53,0.354,101.0,104.7,2013-2014
424,Milwaukee Bucks,15,67,0.183,95.5,103.7,2013-2014
425,Miami Heat,54,28,0.659,102.2,97.4,2013-2014
426,Washington Wizards,44,38,0.537,100.7,99.4,2013-2014
427,Charlotte Bobcats,43,39,0.524,96.9,97.1,2013-2014
428,Atlanta Hawks,38,44,0.463,101.0,101.5,2013-2014
429,Orlando Magic,23,59,0.28,96.5,102.0,2013-2014
430,Oklahoma City Thunder,59,23,0.72,106.2,99.8,2013-2014
431,Portland Trail Blazers,54,28,0.659,106.7,102.8,2013-2014
432,Minnesota Timberwolves,40,42,0.488,106.9,104.3,2013-2014
433,Denver Nuggets,36,46,0.439,104.4,106.5,2013-2014
434,Utah Jazz,25,57,0.305,95.0,102.2,2013-2014
435,Los Angeles Clippers,57,25,0.695,107.9,101.0,2013-2014
436,Golden State Warriors,51,31,0.622,104.3,99.5,2013-2014
437,Phoenix Suns,48,34,0.585,105.2,102.6,2013-2014
438,Sacramento Kings,28,54,0.341,100.5,103.4,2013-2014
439,Los Angeles Lakers,27,55,0.329,103.0,109.2,2013-2014
440,San Antonio Spurs,62,20,0.756,105.4,97.6,2013-2014
441,Houston Rockets,54,28,0.659,107.7,103.1,2013-2014
442,Memphis Grizzlies,50,32,0.61,96.1,94.6,2013-2014
443,Dallas Mavericks,49,33,0.598,104.8,102.4,2013-2014
444,New Orleans Pelicans,34,48,0.415,99.7,102.4,2013-2014
445,Toronto Raptors,49,33,0.598,104.0,100.9,2014-2015
446,Boston Celtics,40,42,0.488,101.4,101.2,2014-2015
447,Brooklyn Nets,38,44,0.463,98.0,100.9,2014-2015
448,Philadelphia 76ers,18,64,0.22,92.0,101.0,2014-2015
449,New York Knicks,17,65,0.207,91.9,101.2,2014-2015
450,Cleveland Cavaliers,53,29,0.646,103.1,98.7,2014-2015
451,Chicago Bulls,50,32,0.61,100.8,97.8,2014-2015
452,Milwaukee Bucks,41,41,0.5,97.8,97.4,2014-2015
453,Indiana Pacers,38,44,0.463,97.3,97.0,2014-2015
454,Detroit Pistons,32,50,0.39,98.5,99.5,2014-2015
455,Atlanta Hawks,60,22,0.732,102.5,97.1,2014-2015
456,Washington Wizards,46,36,0.561,98.5,97.8,2014-2015
457,Miami Heat,37,45,0.451,94.7,97.3,2014-2015
458,Charlotte Hornets,33,49,0.402,94.2,97.3,2014-2015
459,Orlando Magic,25,57,0.305,95.7,101.4,2014-2015
460,Portland Trail Blazers,51,31,0.622,102.8,98.6,2014-2015
461,Oklahoma City Thunder,45,37,0.549,104.0,101.8,2014-2015
462,Utah Jazz,38,44,0.463,95.1,94.9,2014-2015
463,Denver Nuggets,30,52,0.366,101.5,105.0,2014-2015
464,Minnesota Timberwolves,16,66,0.195,97.8,106.5,2014-2015
465,Golden State Warriors,67,15,0.817,110.0,99.9,2014-2015
466,Los Angeles Clippers,56,26,0.683,106.7,100.1,2014-2015
467,Phoenix Suns,39,43,0.476,102.4,103.3,2014-2015
468,Sacramento Kings,29,53,0.354,101.3,105.0,2014-2015
469,Los Angeles Lakers,21,61,0.256,98.5,105.3,2014-2015
470,Houston Rockets,56,26,0.683,103.9,100.5,2014-2015
471,Memphis Grizzlies,55,27,0.671,98.3,95.1,2014-2015
472,San Antonio Spurs,55,27,0.671,103.2,97.0,2014-2015
473,Dallas Mavericks,50,32,0.61,105.2,102.3,2014-2015
474,New Orleans Pelicans,45,37,0.549,99.4,98.6,2014-2015
475,Toronto Raptors,56,26,0.683,102.7,98.2,2015-2016
476,Boston Celtics,48,34,0.585,105.7,102.5,2015-2016
477,New York Knicks,32,50,0.39,98.4,101.1,2015-2016
478,Brooklyn Nets,21,61,0.256,98.6,106.0,2015-2016
479,Philadelphia 76ers,10,72,0.122,97.4,107.6,2015-2016
480,Cleveland Cavaliers,57,25,0.695,104.3,98.3,2015-2016
481,Indiana Pacers,45,37,0.549,102.2,100.5,2015-2016
482,Detroit Pistons,44,38,0.537,102.0,101.4,2015-2016
483,Chicago Bulls,42,40,0.512,101.6,103.1,2015-2016
484,Milwaukee Bucks,33,49,0.402,99.0,103.2,2015-2016
485,Miami Heat,48,34,0.585,100.0,98.4,2015-2016
486,Atlanta Hawks,48,34,0.585,102.8,99.2,2015-2016
487,Charlotte Hornets,48,34,0.585,103.4,100.7,2015-2016
488,Washington Wizards,41,41,0.5,104.1,104.6,2015-2016
489,Orlando Magic,35,47,0.427,102.1,103.7,2015-2016
490,Oklahoma City Thunder,55,27,0.671,110.2,102.9,2015-2016
491,Portland Trail Blazers,44,38,0.537,105.1,104.3,2015-2016
492,Utah Jazz,40,42,0.488,97.7,95.9,2015-2016
493,Denver Nuggets,33,49,0.402,101.9,105.0,2015-2016
494,Minnesota Timberwolves,29,53,0.354,102.4,106.0,2015-2016
495,Golden State Warriors,73,9,0.89,114.9,104.1,2015-2016
496,Los Angeles Clippers,53,29,0.646,104.5,100.2,2015-2016
497,Sacramento Kings,33,49,0.402,106.6,109.1,2015-2016
498,Phoenix Suns,23,59,0.28,100.9,107.5,2015-2016
499,Los Angeles Lakers,17,65,0.207,97.3,106.9,2015-2016
500,San Antonio Spurs,67,15,0.817,103.5,92.9,2015-2016
501,Dallas Mavericks,42,40,0.512,102.3,102.6,2015-2016
502,Memphis Grizzlies,42,40,0.512,99.1,101.3,2015-2016
503,Houston Rockets,41,41,0.5,106.5,106.4,2015-2016
504,New Orleans Pelicans,30,52,0.366,102.7,106.5,2015-2016
505,Boston Celtics,53,29,0.646,108.0,105.4,2016-2017
506,Toronto Raptors,51,31,0.622,106.9,102.6,2016-2017
507,New York Knicks,31,51,0.378,104.3,108.0,2016-2017
508,Philadelphia 76ers,28,54,0.341,102.4,108.1,2016-2017
509,Brooklyn Nets,20,62,0.244,105.8,112.5,2016-2017
510,Cleveland Cavaliers,51,31,0.622,110.3,107.2,2016-2017
511,Milwaukee Bucks,42,40,0.512,103.6,103.8,2016-2017
512,Indiana Pacers,42,40,0.512,105.1,105.3,2016-2017
513,Chicago Bulls,41,41,0.5,102.9,102.4,2016-2017
514,Detroit Pistons,37,45,0.451,101.3,102.5,2016-2017
515,Washington Wizards,49,33,0.598,109.2,107.4,2016-2017
516,Atlanta Hawks,43,39,0.524,103.2,104.0,2016-2017
517,Miami Heat,41,41,0.5,103.2,102.1,2016-2017
518,Charlotte Hornets,36,46,0.439,104.9,104.7,2016-2017
519,Orlando Magic,29,53,0.354,101.1,107.6,2016-2017
520,Utah Jazz,51,31,0.622,100.7,96.8,2016-2017
521,Oklahoma City Thunder,47,35,0.573,106.6,105.8,2016-2017
522,Portland Trail Blazers,41,41,0.5,107.9,108.5,2016-2017
523,Denver Nuggets,40,42,0.488,111.7,111.2,2016-2017
524,Minnesota Timberwolves,31,51,0.378,105.6,106.7,2016-2017
525,Golden State Warriors,67,15,0.817,115.9,104.3,2016-2017
526,Los Angeles Clippers,51,31,0.622,108.7,104.4,2016-2017
527,Sacramento Kings,32,50,0.39,102.8,106.7,2016-2017
528,Los Angeles Lakers,26,56,0.317,104.6,111.5,2016-2017
529,Phoenix Suns,24,58,0.293,107.7,113.3,2016-2017
530,San Antonio Spurs,61,21,0.744,105.3,98.1,2016-2017
531,Houston Rockets,55,27,0.671,115.3,109.6,2016-2017
532,Memphis Grizzlies,43,39,0.524,100.5,100.0,2016-2017
533,New Orleans Pelicans,34,48,0.415,104.3,106.4,2016-2017
534,Dallas Mavericks,33,49,0.402,97.9,100.8,2016-2017
535,Toronto Raptors,59,23,0.72,111.7,103.9,2017-2018
536,Boston Celtics,55,27,0.671,104.0,100.4,2017-2018
537,Philadelphia 76ers,52,30,0.634,109.8,105.3,2017-2018
538,New York Knicks,29,53,0.354,104.5,108.0,2017-2018
539,Brooklyn Nets,28,54,0.341,106.6,110.3,2017-2018
540,Cleveland Cavaliers,50,32,0.61,110.9,109.9,2017-2018
541,Indiana Pacers,48,34,0.585,105.6,104.2,2017-2018
542,Milwaukee Bucks,44,38,0.537,106.5,106.8,2017-2018
543,Detroit Pistons,39,43,0.476,103.8,103.9,2017-2018
544,Chicago Bulls,27,55,0.329,102.9,110.0,2017-2018
545,Miami Heat,44,38,0.537,103.4,102.9,2017-2018
546,Washington Wizards,43,39,0.524,106.6,106.0,2017-2018
547,Charlotte Hornets,36,46,0.439,108.2,108.0,2017-2018
548,Orlando Magic,25,57,0.305,103.4,108.2,2017-2018
549,Atlanta Hawks,24,58,0.293,103.4,108.8,2017-2018
550,Portland Trail Blazers,49,33,0.598,105.6,103.0,2017-2018
551,Oklahoma City Thunder,48,34,0.585,107.9,104.4,2017-2018
552,Utah Jazz,48,34,0.585,104.1,99.8,2017-2018
553,Minnesota Timberwolves,47,35,0.573,109.5,107.3,2017-2018
554,Denver Nuggets,46,36,0.561,110.0,108.5,2017-2018
555,Golden State Warriors,58,24,0.707,113.5,107.5,2017-2018
556,Los Angeles Clippers,42,40,0.512,109.0,109.0,2017-2018
557,Los Angeles Lakers,35,47,0.427,108.1,109.6,2017-2018
558,Sacramento Kings,27,55,0.329,98.8,105.8,2017-2018
559,Phoenix Suns,21,61,0.256,103.9,113.3,2017-2018
560,Houston Rockets,65,17,0.793,112.4,103.9,2017-2018
561,New Orleans Pelicans,48,34,0.585,111.7,110.4,2017-2018
562,San Antonio Spurs,47,35,0.573,102.7,99.8,2017-2018
563,Dallas Mavericks,24,58,0.293,102.3,105.4,2017-2018
564,Memphis Grizzlies,22,60,0.268,99.3,105.5,2017-2018
565,Toronto Raptors,58,24,0.707,114.4,108.4,2018-2019
566,Philadelphia 76ers,51,31,0.622,115.2,112.5,2018-2019
567,Boston Celtics,49,33,0.598,112.4,108.0,2018-2019
568,Brooklyn Nets,42,40,0.512,112.2,112.3,2018-2019
569,New York Knicks,17,65,0.207,104.6,113.8,2018-2019
570,Milwaukee Bucks,60,22,0.732,118.1,109.3,2018-2019
571,Indiana Pacers,48,34,0.585,108.0,104.7,2018-2019
572,Detroit Pistons,41,41,0.5,107.0,107.3,2018-2019
573,Chicago Bulls,22,60,0.268,104.9,113.4,2018-2019
574,Cleveland Cavaliers,19,63,0.232,104.5,114.1,2018-2019
575,Orlando Magic,42,40,0.512,107.3,106.6,2018-2019
576,Charlotte Hornets,39,43,0.476,110.7,111.8,2018-2019
577,Miami Heat,39,43,0.476,105.7,105.9,2018-2019
578,Washington Wizards,32,50,0.39,114.0,116.9,2018-2019
579,Atlanta Hawks,29,53,0.354,113.3,119.4,2018-2019
580,Denver Nuggets,54,28,0.659,110.7,106.7,2018-2019
581,Portland Trail Blazers,53,29,0.646,114.7,110.5,2018-2019
582,Utah Jazz,50,32,0.61,111.7,106.5,2018-2019
583,Oklahoma City Thunder,49,33,0.598,114.5,111.1,2018-2019
584,Minnesota Timberwolves,36,46,0.439,112.5,114.0,2018-2019
585,Golden State Warriors,57,25,0.695,117.7,111.2,2018-2019
586,Los Angeles Clippers,48,34,0.585,115.1,114.3,2018-2019
587,Sacramento Kings,39,43,0.476,114.2,115.3,2018-2019
588,Los Angeles Lakers,37,45,0.451,111.8,113.5,2018-2019
589,Phoenix Suns,19,63,0.232,107.5,116.8,2018-2019
590,Houston Rockets,53,29,0.646,113.9,109.1,2018-2019
591,San Antonio Spurs,48,34,0.585,111.7,110.0,2018-2019
592,Memphis Grizzlies,33,49,0.402,103.5,106.1,2018-2019
593,New Orleans Pelicans,33,49,0.402,115.4,116.8,2018-2019
594,Dallas Mavericks,33,49,0.402,108.9,110.1,2018-2019
